species,decimalLongitude,decimalLatitude,country
Psittacus erithacus,11.293967,4.173409,Cameroon
Psittacus erithacus,5.37455,6.292117,Nigeria
Psittacus erithacus,15.102933,0.956955,Congo
Psittacus erithacus,11.981012,-0.179144,Gabon
Psittacus erithacus,10.751233,-0.079009,Gabon
Psittacus erithacus,30.40788,0.397746,Uganda
Psittacus erithacus,30.41348,0.394242,Uganda
Psittacus erithacus,30.405521,0.404774,Uganda
Psittacus erithacus,30.39519,0.437033,Uganda
Psittacus erithacus,30.404768,0.411208,Uganda
Psittacus erithacus,30.417858,0.476332,Uganda
Psittacus erithacus,33.078037,0.578174,Uganda
Psittacus erithacus,33.07523,0.56067,Uganda
Psittacus erithacus,30.410091,0.405675,Uganda
Psittacus erithacus,30.405619,0.391235,Uganda
Psittacus erithacus,32.20927,0.422044,Uganda
Psittacus erithacus,32.35442,0.08833,Uganda
Psittacus erithacus,32.35558,0.077813,Uganda
Psittacus erithacus,30.387337,0.438874,Uganda
Psittacus erithacus,29.75787,-1.081237,Uganda
Psittacus erithacus,30.411722,0.400088,Uganda
Psittacus erithacus,16.233503,2.985031,Central African Republic
Psittacus erithacus,6.714978,0.259854,Sao Tome and Principe
Psittacus erithacus,29.775524,-1.043515,Uganda
Psittacus erithacus,32.354694,0.065918,Uganda
Psittacus erithacus,32.34994,0.074624,Uganda
Psittacus erithacus,30.447193,0.386733,Uganda
Psittacus erithacus,30.286089,0.476269,Uganda
Psittacus erithacus,15.283477,0.755974,Congo
Psittacus erithacus,8.724426,3.779682,Equatorial Guinea
Psittacus erithacus,31.552008,1.678788,Uganda
Psittacus erithacus,-1.34421,6.68671,Ghana
Psittacus erithacus,32.716423,0.360382,Uganda
Psittacus erithacus,31.542135,1.710845,Uganda
Psittacus erithacus,32.945972,0.085542,Uganda
Psittacus erithacus,31.628773,1.658137,Uganda
Psittacus erithacus,32.946312,0.09175,Uganda
Psittacus erithacus,30.400063,0.648277,Uganda
Psittacus erithacus,30.407764,0.41956,Uganda
Psittacus erithacus,6.691232,0.309804,Sao Tome and Principe
Psittacus erithacus,12.703799,-0.81903,Gabon
Psittacus erithacus,14.685665,1.958571,Congo
Psittacus erithacus,14.554118,1.66879,Congo
Psittacus erithacus,30.444284,0.392038,Uganda
Psittacus erithacus,16.050985,1.636018,Congo
Psittacus erithacus,30.41389,0.398537,Uganda
Psittacus erithacus,30.40372,0.416845,Uganda
Psittacus erithacus,30.40075,0.421639,Uganda
Psittacus erithacus,30.414124,0.408263,Uganda
Psittacus erithacus,28.624552,-12.957952,Zambia
Psittacus erithacus,7.422295,1.639572,Sao Tome and Principe
Psittacus erithacus,30.41146,0.401273,Uganda
Psittacus erithacus,30.404472,0.417574,Uganda
Psittacus erithacus,30.411137,0.400208,Uganda
Psittacus erithacus,30.413874,0.393516,Uganda
Psittacus erithacus,33.724094,1.177093,Uganda
Psittacus erithacus,30.400251,0.423988,Uganda
Psittacus erithacus,33.18936,0.432814,Uganda
Psittacus erithacus,33.724094,1.177215,Uganda
Psittacus erithacus,32.544273,0.176501,Uganda
Psittacus erithacus,30.419603,0.404527,Uganda
Psittacus erithacus,30.410816,0.392122,Uganda
Psittacus erithacus,30.411137,0.400327,Uganda
Psittacus erithacus,7.377632,1.651061,Sao Tome and Principe
Psittacus erithacus,6.04125,4.208717,Nigeria
Psittacus erithacus,8.45795,5.292117,Nigeria
Psittacus erithacus,32.820137,0.279866,Uganda
Psittacus erithacus,32.95419,0.436595,Uganda
Psittacus erithacus,32.817287,0.278455,Uganda
Psittacus erithacus,32.814865,0.263978,Uganda
Psittacus erithacus,30.411167,0.400282,Uganda
Psittacus erithacus,16.246925,0.22206,Congo
Psittacus erithacus,32.820126,0.279893,Uganda
Psittacus erithacus,30.413637,0.407421,Uganda
Psittacus erithacus,34.87446,0.29073,Kenya
Psittacus erithacus,32.820145,0.279953,Uganda
Psittacus erithacus,32.820145,0.279955,Uganda
Psittacus erithacus,32.820633,0.281776,Uganda
Psittacus erithacus,32.57559,0.167973,Uganda
Psittacus erithacus,32.820217,0.279959,Uganda
Psittacus erithacus,12.622856,3.334853,Cameroon
Psittacus erithacus,6.54125,5.208717,Nigeria
Psittacus erithacus,32.567852,0.153122,Uganda
Psittacus erithacus,7.411688,1.612153,Sao Tome and Principe
Psittacus erithacus,32.537132,0.217477,Uganda
Psittacus erithacus,9,6.066667,Nigeria
Psittacus erithacus,37.506725,-2.94445,Kenya
Psittacus erithacus,30.711584,0.271638,Uganda
Psittacus erithacus,32.576214,0.165865,Uganda
Psittacus erithacus,30.38954,0.486132,Uganda
Psittacus erithacus,33.01734,0.382569,Uganda
Psittacus erithacus,27.618887,-1.293419,"Congo, Democratic Republic of the"
Psittacus erithacus,7.427112,1.624569,Sao Tome and Principe
Psittacus erithacus,33.01207,0.399206,Uganda
Psittacus erithacus,33.16429,0.48335,Uganda
Psittacus erithacus,32.57811,0.166415,Uganda
Psittacus erithacus,30.39836,0.429561,Uganda
Psittacus erithacus,7.439049,1.644958,Sao Tome and Principe
Psittacus erithacus,30.410376,0.404191,Uganda
Psittacus erithacus,33.04528,0.415825,Uganda
Psittacus erithacus,33.196533,0.42078,Uganda
Psittacus erithacus,30.408308,0.392726,Uganda
Psittacus erithacus,9.899539,2.892506,Cameroon
Psittacus erithacus,9.905,2.895,Cameroon
Psittacus erithacus,7.430929,1.614919,Sao Tome and Principe
Psittacus erithacus,30.357285,0.560008,Uganda
Psittacus erithacus,31.54131,1.681196,Uganda
Psittacus erithacus,30.410978,0.430295,Uganda
Psittacus erithacus,12.961733,-0.846985,Gabon
Psittacus erithacus,9.879149,2.738585,Cameroon
Psittacus erithacus,30.405989,0.405463,Uganda
Psittacus erithacus,30.334171,0.489039,Uganda
Psittacus erithacus,30.407265,0.406876,Uganda
Psittacus erithacus,15.522425,-3.127714,Congo
Psittacus erithacus,30.40904,0.397829,Uganda
Psittacus erithacus,6.669298,0.300143,Sao Tome and Principe
Psittacus erithacus,6.557114,0.153293,Sao Tome and Principe
Psittacus erithacus,33.15766,0.474853,Uganda
Psittacus erithacus,33.163082,0.426119,Uganda
Psittacus erithacus,33.163307,0.483795,Uganda
Psittacus erithacus,30.400951,0.419536,Uganda
Psittacus erithacus,34.874583,0.20875,Kenya
Psittacus erithacus,30.131684,0.784896,Uganda
Psittacus erithacus,32.403148,0.196396,Uganda
Psittacus erithacus,30.059439,0.831988,Uganda
Psittacus erithacus,30.41467,0.425772,Uganda
Psittacus erithacus,30.413345,0.400515,Uganda
Psittacus erithacus,31.539392,1.692297,Uganda
Psittacus erithacus,30.416666,0.4,Uganda
Psittacus erithacus,9.336617,-0.073737,Gabon
Psittacus erithacus,33.012413,0.388192,Uganda
Psittacus erithacus,30.407465,0.420513,Uganda
Psittacus erithacus,30.404854,0.416793,Uganda
Psittacus erithacus,31.58226,1.731319,Uganda
Psittacus erithacus,7.383683,1.670157,Sao Tome and Principe
Psittacus erithacus,30.412542,0.425309,Uganda
Psittacus erithacus,30.407305,0.412758,Uganda
Psittacus erithacus,-2.594147,5.294725,Ghana
Psittacus erithacus,29.616524,-0.986446,Uganda
Psittacus erithacus,32.297787,0.208633,Uganda
Psittacus erithacus,7.382861,1.670012,Sao Tome and Principe
Psittacus erithacus,7.400116,1.688192,Sao Tome and Principe
Psittacus erithacus,11.635901,4.359887,Cameroon
Psittacus erithacus,30.161644,0.824804,Uganda
Psittacus erithacus,30.547743,0.479935,Uganda
Psittacus erithacus,30.413446,0.399191,Uganda
Psittacus erithacus,7.411234,1.624288,Sao Tome and Principe
Psittacus erithacus,30.401407,0.421518,Uganda
Psittacus erithacus,7.409163,1.621775,Sao Tome and Principe
Psittacus erithacus,11.592504,-0.10114,Gabon
Psittacus erithacus,32.28016,-0.317797,Uganda
Psittacus erithacus,-3.737939,5.199609,Côte d’Ivoire
Psittacus erithacus,7.422383,1.638861,Sao Tome and Principe
Psittacus erithacus,30.41192,0.402401,Uganda
Psittacus erithacus,30.412022,0.401462,Uganda
Psittacus erithacus,7.369431,1.617895,Sao Tome and Principe
Psittacus erithacus,7.40286,1.601901,Sao Tome and Principe
Psittacus erithacus,12.506951,-5.323484,Angola
Psittacus erithacus,7.439896,10.473259,Nigeria
Psittacus erithacus,-0.527119,6.229311,Ghana
Psittacus erithacus,32.275887,1.406215,Uganda
Psittacus erithacus,12.612083,-0.849213,Gabon
Psittacus erithacus,11.768152,-0.369285,Gabon
Psittacus erithacus,30.410147,0.390191,Uganda
Psittacus erithacus,30.389675,0.486188,Uganda
Psittacus erithacus,5.12455,6.375417,Nigeria
Psittacus erithacus,9.57952,0.600976,Gabon
Psittacus erithacus,32.375423,0.029127,Uganda
Psittacus erithacus,12.949798,0.615812,Gabon
Psittacus erithacus,8.720424,-0.688191,Gabon
Psittacus erithacus,13.186296,0.826903,Gabon
Psittacus erithacus,9.424814,-1.716821,Gabon
Psittacus erithacus,32.82985,0.360344,Uganda
Psittacus erithacus,12.804165,0.514602,Gabon
Psittacus erithacus,13.666919,0.068045,Gabon
Psittacus erithacus,12.733369,3.382918,Cameroon
Psittacus erithacus,32.81982,0.280074,Uganda
Psittacus erithacus,9.424553,-1.975431,Gabon
Psittacus erithacus,13.697392,0.117665,Gabon
Psittacus erithacus,13.672855,0.077474,Gabon
Psittacus erithacus,32.819447,0.280048,Uganda
Psittacus erithacus,33.20291,0.443892,Uganda
Psittacus erithacus,13.654211,0.064251,Gabon
Psittacus erithacus,11.351519,3.848575,Cameroon
Psittacus erithacus,13.679944,-0.615107,Gabon
Psittacus erithacus,32.8198,0.280035,Uganda
Psittacus erithacus,8.708877,-0.627949,Gabon
Psittacus erithacus,8.718898,-0.692771,Gabon
Psittacus erithacus,32.822094,0.281023,Uganda
Psittacus erithacus,9.412092,-1.738119,Gabon
Psittacus erithacus,13.216648,0.340228,Gabon
Psittacus erithacus,-7.456382,5.871872,Côte d’Ivoire
Psittacus erithacus,32.33483,0.222564,Uganda
Psittacus erithacus,30.405218,0.392118,Uganda
Psittacus erithacus,7.443083,1.684773,Sao Tome and Principe
Psittacus erithacus,30.410606,0.395798,Uganda
Psittacus erithacus,7.422167,1.638861,Sao Tome and Principe
Psittacus erithacus,30.328836,0.497204,Uganda
Psittacus erithacus,32.69382,0.368765,Uganda
Psittacus erithacus,32.36418,0.199464,Uganda
Psittacus erithacus,32.65972,0.287998,Uganda
Psittacus erithacus,16.63943,-2.43763,"Congo, Democratic Republic of the"
Psittacus erithacus,34.218857,1.056471,Uganda
Psittacus erithacus,33.18943,0.442933,Uganda
Psittacus erithacus,16.502037,-2.484032,"Congo, Democratic Republic of the"
Psittacus erithacus,9.340437,-0.039218,Gabon
Psittacus erithacus,34.86852,0.233885,Kenya
Psittacus erithacus,9.621646,-2.11809,Gabon
Psittacus erithacus,32.556095,0.164476,Uganda
Psittacus erithacus,13.07794,1.1943,Gabon
Psittacus erithacus,-1.350449,6.105618,Ghana
Psittacus erithacus,34.881065,0.254639,Kenya
Psittacus erithacus,-2.578464,5.12294,Ghana
Psittacus erithacus,3.535502,6.436408,Nigeria
Psittacus erithacus,14.086552,1.37552,Gabon
Psittacus erithacus,32.574657,0.166037,Uganda
Psittacus erithacus,-2.736713,5.27946,Ghana
Psittacus erithacus,29.659014,-1.099866,Uganda
Psittacus erithacus,33.20215,0.430714,Uganda
Psittacus erithacus,12.87777,0.581939,Gabon
Psittacus erithacus,33.206905,0.423485,Uganda
Psittacus erithacus,7.352453,1.559654,Sao Tome and Principe
Psittacus erithacus,-2.566344,5.112471,Ghana
Psittacus erithacus,14.069821,-2.113352,Gabon
Psittacus erithacus,9.435275,0.63586,Gabon
Psittacus erithacus,32.371815,0.098657,Uganda
Psittacus erithacus,33.199707,0.42956,Uganda
Psittacus erithacus,33.19597,0.433749,Uganda
Psittacus erithacus,32.51567,0.149876,Uganda
Psittacus erithacus,33.19972,0.429178,Uganda
Psittacus erithacus,34.92315,0.212681,Kenya
Psittacus erithacus,16.35355,2.94358,Central African Republic
Psittacus erithacus,-1.38196,5.350061,Ghana
Psittacus erithacus,30.100088,0.799036,Uganda
Psittacus erithacus,31.538836,1.701416,Uganda
Psittacus erithacus,33.198723,0.436674,Uganda
Psittacus erithacus,9.247896,-0.03939,Gabon
Psittacus erithacus,32.40037,0.153192,Uganda
Psittacus erithacus,30.205014,0.504312,Uganda
Psittacus erithacus,-2.640255,5.244878,Ghana
Psittacus erithacus,-2.651111,5.216111,Ghana
Psittacus erithacus,30.419334,0.384827,Uganda
Psittacus erithacus,32.350613,0.076027,Uganda
Psittacus erithacus,16.25841,2.96469,Central African Republic
Psittacus erithacus,30.385414,0.400639,Uganda
Psittacus erithacus,16.36414,2.95436,Central African Republic
Psittacus erithacus,16.42958,2.913468,Central African Republic
Psittacus erithacus,30.399866,0.424603,Uganda
Psittacus erithacus,12.725472,3.368009,Cameroon
Psittacus erithacus,30.41084,0.398282,Uganda
Psittacus erithacus,32.661266,0.288955,Uganda
Psittacus erithacus,-2.581787,5.265666,Ghana
Psittacus erithacus,32.6247,0.2371,Uganda
Psittacus erithacus,-4.128132,5.331677,Côte d’Ivoire
Psittacus erithacus,7.451485,1.631839,Sao Tome and Principe
Psittacus erithacus,-4.128654,5.331668,Côte d’Ivoire
Psittacus erithacus,8.771753,3.746278,Equatorial Guinea
Psittacus erithacus,7.444077,1.667926,Sao Tome and Principe
Psittacus erithacus,30.411161,0.401292,Uganda
Psittacus erithacus,-4.128215,5.332691,Côte d’Ivoire
Psittacus erithacus,-4.135771,5.328548,Côte d’Ivoire
Psittacus erithacus,30.303051,0.516983,Uganda
Psittacus erithacus,16.232307,2.986002,Central African Republic
Psittacus erithacus,7.44928,1.673505,Sao Tome and Principe
Psittacus erithacus,-4.128065,5.330717,Côte d’Ivoire
Psittacus erithacus,-4.136433,5.328245,Côte d’Ivoire
Psittacus erithacus,8.668164,3.362331,Equatorial Guinea
Psittacus erithacus,10.59149,-2.342975,Gabon
Psittacus erithacus,7.432893,1.68359,Sao Tome and Principe
Psittacus erithacus,10.852518,1.573036,Equatorial Guinea
Psittacus erithacus,-4.130323,5.331475,Côte d’Ivoire
Psittacus erithacus,-4.131133,5.315618,Côte d’Ivoire
Psittacus erithacus,-4.138484,5.330134,Côte d’Ivoire
Psittacus erithacus,7.370579,1.618798,Sao Tome and Principe
Psittacus erithacus,-4.132283,5.329843,Côte d’Ivoire
Psittacus erithacus,30.410143,0.424383,Uganda
Psittacus erithacus,7.397731,1.645035,Sao Tome and Principe
Psittacus erithacus,-4.138126,5.326938,Côte d’Ivoire
Psittacus erithacus,-4.128558,5.333154,Côte d’Ivoire
Psittacus erithacus,7.402339,1.692957,Sao Tome and Principe
Psittacus erithacus,32.248032,0.381569,Uganda
Psittacus erithacus,32.582431,0.120742,Uganda
Psittacus erithacus,10.868135,1.593562,Equatorial Guinea
Psittacus erithacus,10.862989,1.608942,Equatorial Guinea
Psittacus erithacus,10.842018,1.613341,Equatorial Guinea
Psittacus erithacus,-4.130108,5.317959,Côte d’Ivoire
Psittacus erithacus,-4.131695,5.322063,Côte d’Ivoire
Psittacus erithacus,-4.127785,5.331081,Côte d’Ivoire
Psittacus erithacus,10.863153,1.616424,Equatorial Guinea
Psittacus erithacus,-4.131041,5.325898,Côte d’Ivoire
Psittacus erithacus,-4.130114,5.329978,Côte d’Ivoire
Psittacus erithacus,7.361918,1.554376,Sao Tome and Principe
Psittacus erithacus,10.880602,1.61542,Equatorial Guinea
Psittacus erithacus,-4.128054,5.331494,Côte d’Ivoire
Psittacus erithacus,7.411633,1.665978,Sao Tome and Principe
Psittacus erithacus,-4.137184,5.327145,Côte d’Ivoire
Psittacus erithacus,-4.129059,5.330719,Côte d’Ivoire
Psittacus erithacus,7.357477,1.57385,Sao Tome and Principe
Psittacus erithacus,-1.344208,6.687614,Ghana
Psittacus erithacus,10.839766,1.613449,Equatorial Guinea
Psittacus erithacus,-4.130572,5.327258,Côte d’Ivoire
Psittacus erithacus,7.412108,1.635046,Sao Tome and Principe
Psittacus erithacus,12.8035,0.512849,Gabon
Psittacus erithacus,8.727626,3.749376,Equatorial Guinea
Psittacus erithacus,8.727641,3.748858,Equatorial Guinea
Psittacus erithacus,-4.131024,5.326755,Côte d’Ivoire
Psittacus erithacus,8.45795,5.875417,Nigeria
Psittacus erithacus,8.20795,5.625417,Nigeria
Psittacus erithacus,8.79125,5.875417,Nigeria
Psittacus erithacus,8.79125,5.792117,Nigeria
Psittacus erithacus,-1.342301,6.68782,Ghana
Psittacus erithacus,-1.344366,6.686913,Ghana
Psittacus erithacus,-4.136541,5.32471,Côte d’Ivoire
Psittacus erithacus,30.375837,0.46138,Uganda
Psittacus erithacus,7.385166,1.544328,Sao Tome and Principe
Psittacus erithacus,-4.128503,5.332567,Côte d’Ivoire
Psittacus erithacus,-4.13736,5.328346,Côte d’Ivoire
Psittacus erithacus,33.19979,0.438392,Uganda
Psittacus erithacus,-4.132211,5.330142,Côte d’Ivoire
Psittacus erithacus,30.411406,0.401792,Uganda
Psittacus erithacus,-4.137703,5.327776,Côte d’Ivoire
Psittacus erithacus,31.510763,-1.104744,"Tanzania, United Republic of"
Psittacus erithacus,33.008904,0.350032,Uganda
Psittacus erithacus,-4.132049,5.332315,Côte d’Ivoire
Psittacus erithacus,-4.128143,5.330229,Côte d’Ivoire
Psittacus erithacus,33.200428,0.43978,Uganda
Psittacus erithacus,-4.130662,5.32712,Côte d’Ivoire
Psittacus erithacus,30.408485,0.424287,Uganda
Psittacus erithacus,-4.130744,5.329146,Côte d’Ivoire
Psittacus erithacus,-4.136532,5.328902,Côte d’Ivoire
Psittacus erithacus,-4.131307,5.313394,Côte d’Ivoire
Psittacus erithacus,32.36908,1.274693,Uganda
Psittacus erithacus,30.40904,0.406375,Uganda
Psittacus erithacus,-4.130886,5.332771,Côte d’Ivoire
Psittacus erithacus,-4.131996,5.326136,Côte d’Ivoire
Psittacus erithacus,32.243843,0.382845,Uganda
Psittacus erithacus,32.71664,0.360725,Uganda
Psittacus erithacus,32.241955,0.383075,Uganda
Psittacus erithacus,-4.132249,5.330343,Côte d’Ivoire
Psittacus erithacus,-4.131211,5.329924,Côte d’Ivoire
Psittacus erithacus,-4.13063,5.330275,Côte d’Ivoire
Psittacus erithacus,32.716537,0.360181,Uganda
Psittacus erithacus,-4.128923,5.330158,Côte d’Ivoire
Psittacus erithacus,33.07844,0.578309,Uganda
Psittacus erithacus,14.928872,0.927869,Congo
Psittacus erithacus,14.899315,0.605043,Congo
Psittacus erithacus,33.078243,0.578315,Uganda
Psittacus erithacus,7.419378,1.638718,Sao Tome and Principe
Psittacus erithacus,7.414836,1.625965,Sao Tome and Principe
Psittacus erithacus,33.078804,0.577909,Uganda
Psittacus erithacus,-4.131368,5.324292,Côte d’Ivoire
Psittacus erithacus,-4.133294,5.31021,Côte d’Ivoire
Psittacus erithacus,7.418712,1.637782,Sao Tome and Principe
Psittacus erithacus,14.898937,0.604055,Congo
Psittacus erithacus,7.413226,1.646256,Sao Tome and Principe
Psittacus erithacus,-4.133774,5.328584,Côte d’Ivoire
Psittacus erithacus,-4.133922,5.31487,Côte d’Ivoire
Psittacus erithacus,-4.132533,5.321472,Côte d’Ivoire
Psittacus erithacus,11.165971,2.812819,Cameroon
Psittacus erithacus,11.183973,2.757582,Cameroon
Psittacus erithacus,14.75651,0.446238,Congo
Psittacus erithacus,31.351439,-0.259249,Uganda
Psittacus erithacus,32.18925,0.193777,Uganda
Psittacus erithacus,13.0982,-5.6215,"Congo, Democratic Republic of the"
Psittacus erithacus,32.18926,0.193025,Uganda
Psittacus erithacus,14.931724,0.601032,Congo
Psittacus erithacus,32.18776,0.197078,Uganda
Psittacus erithacus,11.46716,3.398879,Cameroon
Psittacus erithacus,32.819736,0.275218,Uganda
Psittacus erithacus,32.82039,0.280043,Uganda
Psittacus erithacus,32.34923,0.068177,Uganda
Psittacus erithacus,14.704444,1.961911,Congo
Psittacus erithacus,33.01,0.399,Uganda
Psittacus erithacus,32.6659,0.0265,Uganda
Psittacus erithacus,32.369602,1.273277,Uganda
Psittacus erithacus,33.009705,0.399358,Uganda
Psittacus erithacus,30.989405,-0.574315,Uganda
Psittacus erithacus,32.672035,0.32765,Uganda
Psittacus erithacus,33.00964,0.399481,Uganda
Psittacus erithacus,32.653084,-0.103449,Uganda
Psittacus erithacus,32.60785,0.47766,Uganda
Psittacus erithacus,33.07354,0.581139,Uganda
Psittacus erithacus,32.672,0.328,Uganda
Psittacus erithacus,32.653393,-0.101348,Uganda
Psittacus erithacus,16.36462,2.954331,Central African Republic
Psittacus erithacus,11.881955,-0.158373,Gabon
Psittacus erithacus,33.199215,0.437463,Uganda
Psittacus erithacus,30.4042,0.412185,Uganda
Psittacus erithacus,29.708082,-1.001293,Uganda
Psittacus erithacus,3.712636,6.468831,Nigeria
Psittacus erithacus,27.5268,-1.3195,"Congo, Democratic Republic of the"
Psittacus erithacus,34.884655,0.22692,Kenya
Psittacus erithacus,30.540066,0.207875,Uganda
Psittacus erithacus,33.0784,0.578372,Uganda
Psittacus erithacus,34.86586,0.238735,Kenya
Psittacus erithacus,34.957917,0.20875,Kenya
Psittacus erithacus,30.41067,0.39209,Uganda
Psittacus erithacus,30.40723,0.40694,Uganda
Psittacus erithacus,31.54004,1.70734,Uganda
Psittacus erithacus,7.437731,1.647829,Sao Tome and Principe
Psittacus erithacus,7.379483,1.663329,Sao Tome and Principe
Psittacus erithacus,7.395454,1.544367,Sao Tome and Principe
Psittacus erithacus,31.71429,1.691144,Uganda
Psittacus erithacus,7.432731,1.643107,Sao Tome and Principe
Psittacus erithacus,7.381383,1.678606,Sao Tome and Principe
Psittacus erithacus,33.048008,0.413195,Uganda
Psittacus erithacus,7.412688,1.665128,Sao Tome and Principe
Psittacus erithacus,29.985405,-0.129996,Uganda
Psittacus erithacus,10.869784,1.597518,Equatorial Guinea
Psittacus erithacus,10.842527,1.617019,Equatorial Guinea
Psittacus erithacus,10.885851,1.597867,Equatorial Guinea
Psittacus erithacus,33.04677,0.413805,Uganda
Psittacus erithacus,7.378884,1.553059,Sao Tome and Principe
Psittacus erithacus,7.391088,1.675345,Sao Tome and Principe
Psittacus erithacus,3.535807,6.43979,Nigeria
Psittacus erithacus,8.635559,3.339467,Equatorial Guinea
Psittacus erithacus,31.875444,-0.348273,Uganda
Psittacus erithacus,8.563478,3.258435,Equatorial Guinea
Psittacus erithacus,8.798649,3.618274,Equatorial Guinea
Psittacus erithacus,-1.38387,5.3505,Ghana
Psittacus erithacus,10.1253,1.5365,Equatorial Guinea
Psittacus erithacus,-1.379074,6.67553,Ghana
Psittacus erithacus,29.614374,-0.991812,Uganda
Psittacus erithacus,14.753596,0.465604,Congo
Psittacus erithacus,15.8474,2.4061,Cameroon
Psittacus erithacus,15.7122,2.2952,Cameroon
Psittacus erithacus,15.8506,2.3965,Cameroon
Psittacus erithacus,15.4372,2.4413,Cameroon
Psittacus erithacus,32.569948,0.096562,Uganda
Psittacus erithacus,10.061388,3.777638,Cameroon
Psittacus erithacus,9.887988,2.377592,Cameroon
Psittacus erithacus,15.711534,2.301319,Cameroon
Psittacus erithacus,15.436955,2.441762,Cameroon
Psittacus erithacus,7.412725,1.569733,Sao Tome and Principe
Psittacus erithacus,9.844849,2.444997,Cameroon
Psittacus erithacus,27.528109,-1.276273,"Congo, Democratic Republic of the"
Psittacus erithacus,-2.641428,5.285919,Ghana
Psittacus erithacus,15.776415,2.316029,Cameroon
Psittacus erithacus,-1.347006,6.686215,Ghana
Psittacus erithacus,-1.383826,5.326936,Ghana
Psittacus erithacus,-1.416425,5.318909,Ghana
Psittacus erithacus,32.431277,0.18298,Uganda
Psittacus erithacus,32.549277,0.145016,Uganda
Psittacus erithacus,33.118927,0.52198,Uganda
Psittacus erithacus,-1.34083,6.688361,Ghana
Psittacus erithacus,33.01057,0.400189,Uganda
Psittacus erithacus,32.564316,0.168002,Uganda
Psittacus erithacus,30.414803,0.425298,Uganda
Psittacus erithacus,32.548214,0.224923,Uganda
Psittacus erithacus,32.561546,0.224238,Uganda
Psittacus erithacus,33.078403,0.578353,Uganda
Psittacus erithacus,32.990276,0.439676,Uganda
Psittacus erithacus,7.420849,1.640986,Sao Tome and Principe
Psittacus erithacus,32.55153,0.158777,Uganda
Psittacus erithacus,30.407019,0.406903,Uganda
Psittacus erithacus,30.334316,0.488442,Uganda
Psittacus erithacus,7.62455,5.458717,Nigeria
Psittacus erithacus,28.591619,1.439771,"Congo, Democratic Republic of the"
Psittacus erithacus,28.552618,1.42509,"Congo, Democratic Republic of the"
Psittacus erithacus,31.879,-2.4103,"Tanzania, United Republic of"
Psittacus erithacus,29.75428,-1.012734,Uganda
Psittacus erithacus,33.202187,0.446222,Uganda
Psittacus erithacus,33.200336,0.422305,Uganda
Psittacus erithacus,32.03129,1.550321,Uganda
Psittacus erithacus,29.771833,-1.069131,Uganda
Psittacus erithacus,32.636185,0.537688,Uganda
Psittacus erithacus,32.421043,0.260374,Uganda
Psittacus erithacus,29.775473,-1.04693,Uganda
Psittacus erithacus,32.484686,0.194771,Uganda
Psittacus erithacus,30.497181,0.490364,Uganda
Psittacus erithacus,16.25524,2.920132,Central African Republic
Psittacus erithacus,28.59162,1.439771,"Congo, Democratic Republic of the"
Psittacus erithacus,32.577587,0.166313,Uganda
Psittacus erithacus,31.542519,1.679546,Uganda
Psittacus erithacus,31.567705,1.646836,Uganda
Psittacus erithacus,31.381632,1.773182,Uganda
Psittacus erithacus,32.577606,0.166241,Uganda
Psittacus erithacus,12.734103,3.358144,Cameroon
Psittacus erithacus,16.364122,2.95431,Central African Republic
Psittacus erithacus,33.158333,0.474816,Uganda
Psittacus erithacus,-3.73734,5.199011,Côte d’Ivoire
Psittacus erithacus,33.208664,0.416661,Uganda
Psittacus erithacus,30.728956,0.764655,Uganda
Psittacus erithacus,14.63195,0.965886,Congo
Psittacus erithacus,32.254355,-0.371408,Uganda
Psittacus erithacus,32.548339,0.00218,Uganda
Psittacus erithacus,30.335414,0.461638,Uganda
Psittacus erithacus,32.22172,0.382013,Uganda
Psittacus erithacus,32.572675,0.196139,Uganda
Psittacus erithacus,14.879113,0.550301,Congo
Psittacus erithacus,9.3503,-0.0471,Gabon
Psittacus erithacus,11.467795,3.397675,Cameroon
Psittacus erithacus,32.319622,0.34855,Uganda
Psittacus erithacus,12.234917,-5.297831,Angola
Psittacus erithacus,9.325418,-1.909714,Gabon
Psittacus erithacus,11.525002,-0.441031,Gabon
Psittacus erithacus,33.089275,0.543338,Uganda
Psittacus erithacus,10.027197,-1.107394,Gabon
Psittacus erithacus,9.828399,-0.844355,Gabon
Psittacus erithacus,10.254722,-1.084722,Gabon
Psittacus erithacus,15.005815,2.466472,Cameroon
Psittacus erithacus,14.882402,0.589644,Congo
Psittacus erithacus,14.969021,0.570417,Congo
Psittacus erithacus,14.9368,0.6135,Congo
Psittacus erithacus,14.923933,0.657975,Congo
Psittacus erithacus,7.485774,1.733807,Sao Tome and Principe
Psittacus erithacus,30.35079,0.48516,Uganda
Psittacus erithacus,-4.128354,5.334241,Côte d’Ivoire
Psittacus erithacus,11.408848,3.970657,Cameroon
Psittacus erithacus,-4.135304,5.326304,Côte d’Ivoire
Psittacus erithacus,31.564747,2.283165,Uganda
Psittacus erithacus,33.19961,0.427965,Uganda
Psittacus erithacus,-1.380942,5.350402,Ghana
Psittacus erithacus,-2.654059,5.204915,Ghana
Psittacus erithacus,-4.128438,5.326522,Côte d’Ivoire
Psittacus erithacus,5.693991,5.558809,Nigeria
Psittacus erithacus,-4.130287,5.33089,Côte d’Ivoire
Psittacus erithacus,5.70795,5.458717,Nigeria
Psittacus erithacus,5.04125,7.208717,Nigeria
Psittacus erithacus,30.412003,0.396437,Uganda
Psittacus erithacus,-1.40445,5.32459,Ghana
Psittacus erithacus,-1.418197,5.322785,Ghana
Psittacus erithacus,-4.137588,5.329716,Côte d’Ivoire
Psittacus erithacus,14.897997,0.603276,Congo
Psittacus erithacus,-2.639435,5.20495,Ghana
Psittacus erithacus,30.412683,0.410347,Uganda
Psittacus erithacus,30.411674,0.401372,Uganda
Psittacus erithacus,-1.216766,7.953456,Ghana
Psittacus erithacus,30.08941,0.181461,Uganda
Psittacus erithacus,-4.128637,5.331075,Côte d’Ivoire
Psittacus erithacus,32.61251,-0.087345,Uganda
Psittacus erithacus,-1.637483,5.2801,Ghana
Psittacus erithacus,-1.390177,5.327702,Ghana
Psittacus erithacus,-1.385739,5.326816,Ghana
Psittacus erithacus,-7.538466,5.831832,Côte d’Ivoire
Psittacus erithacus,-7.504645,5.941565,Côte d’Ivoire
Psittacus erithacus,30.198664,-0.707467,Uganda
Psittacus erithacus,8.70795,5.458717,Nigeria
Psittacus erithacus,5.54125,5.625417,Nigeria
Psittacus erithacus,5.62455,5.542117,Nigeria
Psittacus erithacus,4.37455,6.708717,Nigeria
Psittacus erithacus,8.79125,5.458717,Nigeria
Psittacus erithacus,3.29125,6.458717,Nigeria
Psittacus erithacus,14.956048,0.717871,Congo
Psittacus erithacus,32.29396,-0.307168,Uganda
Psittacus erithacus,-1.383308,5.34833,Ghana
Psittacus erithacus,-1.371467,5.346941,Ghana
Psittacus erithacus,32.48144,0.245763,Uganda
Psittacus erithacus,15.715687,2.292405,Cameroon
Psittacus erithacus,-4.134998,5.326833,Côte d’Ivoire
Psittacus erithacus,-1.37552,5.34425,Ghana
Psittacus erithacus,30.390158,0.48617,Uganda
Psittacus erithacus,30.357216,0.482954,Uganda
Psittacus erithacus,-4.128067,5.330639,Côte d’Ivoire
Psittacus erithacus,7.421013,1.610469,Sao Tome and Principe
Psittacus erithacus,10.852338,1.610247,Equatorial Guinea
Psittacus erithacus,-1.349444,6.161667,Ghana
Psittacus erithacus,31.5379,1.68282,Uganda
Psittacus erithacus,7.426597,1.683407,Sao Tome and Principe
Psittacus erithacus,10.852757,1.610848,Equatorial Guinea
Psittacus erithacus,12.659534,2.669919,Cameroon
Psittacus erithacus,7.38616,1.562697,Sao Tome and Principe
Psittacus erithacus,32.62454,0.23712,Uganda
Psittacus erithacus,13.363551,2.756262,Cameroon
Psittacus erithacus,13.284797,2.695079,Cameroon
Psittacus erithacus,13.355192,2.78684,Cameroon
Psittacus erithacus,10.851847,1.609187,Equatorial Guinea
Psittacus erithacus,10.852175,1.609593,Equatorial Guinea
Psittacus erithacus,7.389457,1.549779,Sao Tome and Principe
Psittacus erithacus,7.3886,1.5484,Sao Tome and Principe
Psittacus erithacus,-1.888888,4.891634,Ghana
Psittacus erithacus,7.402546,1.691643,Sao Tome and Principe
Psittacus erithacus,13.352756,2.802849,Cameroon
Psittacus erithacus,11.595688,-0.098529,Gabon
Psittacus erithacus,-1.203,6.4108,Ghana
Psittacus erithacus,-2.643673,5.254732,Ghana
Psittacus erithacus,-1.340662,6.688476,Ghana
Psittacus erithacus,-1.338743,6.689548,Ghana
Psittacus erithacus,-1.340543,6.688507,Ghana
Psittacus erithacus,14.613612,1.804267,Congo
Psittacus erithacus,20.682148,-1.74707,"Congo, Democratic Republic of the"
Psittacus erithacus,-1.757866,4.882178,Ghana
Psittacus erithacus,20.572817,-1.692389,"Congo, Democratic Republic of the"
Psittacus erithacus,8.724966,3.739507,Equatorial Guinea
Psittacus erithacus,6.29125,4.958717,Nigeria
Psittacus erithacus,6.29125,4.792117,Nigeria
Psittacus erithacus,6.20795,4.875417,Nigeria
Psittacus erithacus,6.20795,4.958717,Nigeria
Psittacus erithacus,6.29125,4.875417,Nigeria
Psittacus erithacus,-1.319447,6.693343,Ghana
Psittacus erithacus,20.788414,-1.9072,"Congo, Democratic Republic of the"
Psittacus erithacus,20.777746,-1.719992,"Congo, Democratic Republic of the"
Psittacus erithacus,32.37107,0.333523,Uganda
Psittacus erithacus,-1.360245,5.369245,Ghana
Psittacus erithacus,-1.644067,5.29904,Ghana
Psittacus erithacus,32.301582,0.206343,Uganda
Psittacus erithacus,20.853096,-1.913143,"Congo, Democratic Republic of the"
Psittacus erithacus,32.30921,0.205361,Uganda
Psittacus erithacus,20.607283,-1.697097,"Congo, Democratic Republic of the"
Psittacus erithacus,10.11215,3.55588,Cameroon
Psittacus erithacus,10.039294,3.750342,Cameroon
Psittacus erithacus,9.8377,2.3761,Cameroon
Psittacus erithacus,20.791626,-1.838532,"Congo, Democratic Republic of the"
Psittacus erithacus,8.70795,5.792117,Nigeria
Psittacus erithacus,8.20795,5.292117,Nigeria
Psittacus erithacus,8.62455,5.375417,Nigeria
Psittacus erithacus,8.70795,5.375417,Nigeria
Psittacus erithacus,8.54125,5.875417,Nigeria
Psittacus erithacus,8.37455,5.292117,Nigeria
Psittacus erithacus,20.679441,-1.687431,"Congo, Democratic Republic of the"
Psittacus erithacus,20.648208,-1.627356,"Congo, Democratic Republic of the"
Psittacus erithacus,9.856596,2.368861,Cameroon
Psittacus erithacus,31.612703,1.566477,Uganda
Psittacus erithacus,32.297874,0.207398,Uganda
Psittacus erithacus,10.115138,3.555162,Cameroon
Psittacus erithacus,32.398113,0.155758,Uganda
Psittacus erithacus,32.30186,0.206008,Uganda
Psittacus erithacus,7.41208,1.687579,Sao Tome and Principe
Psittacus erithacus,15.436576,2.4416,Cameroon
Psittacus erithacus,7.441769,1.690138,Sao Tome and Principe
Psittacus erithacus,7.413808,1.61789,Sao Tome and Principe
Psittacus erithacus,11.595521,-0.401986,Gabon
Psittacus erithacus,6.54125,4.958717,Nigeria
Psittacus erithacus,6.37455,4.792117,Nigeria
Psittacus erithacus,5.79125,5.625417,Nigeria
Psittacus erithacus,5.37455,6.125417,Nigeria
Psittacus erithacus,6.37455,4.708717,Nigeria
Psittacus erithacus,8.54125,5.208717,Nigeria
Psittacus erithacus,7.390086,1.629956,Sao Tome and Principe
Psittacus erithacus,30.402496,0.436532,Uganda
Psittacus erithacus,32.48252,0.280149,Uganda
Psittacus erithacus,33.163517,0.434557,Uganda
Psittacus erithacus,31.557295,1.667998,Uganda
Psittacus erithacus,7.397057,1.616583,Sao Tome and Principe
Psittacus erithacus,7.404889,1.665022,Sao Tome and Principe
Psittacus erithacus,30.378172,0.531185,Uganda
Psittacus erithacus,30.413162,0.41154,Uganda
Psittacus erithacus,30.413424,0.39245,Uganda
Psittacus erithacus,32.338276,0.217511,Uganda
Psittacus erithacus,30.333729,0.489243,Uganda
Psittacus erithacus,7.41924,1.594595,Sao Tome and Principe
Psittacus erithacus,31.543436,1.676426,Uganda
Psittacus erithacus,31.619675,1.663667,Uganda
Psittacus erithacus,29.632874,-1.008287,Uganda
Psittacus erithacus,30.416319,0.655099,Uganda
Psittacus erithacus,30.411558,0.402495,Uganda
Psittacus erithacus,31.647835,1.59901,Uganda
Psittacus erithacus,4.37455,6.625417,Nigeria
Psittacus erithacus,31.6184,2.273768,Uganda
Psittacus erithacus,30.40513,0.407642,Uganda
Psittacus erithacus,-1.713052,4.979013,Ghana
Psittacus erithacus,-2.571134,5.29549,Ghana
Psittacus erithacus,-1.88879,4.891542,Ghana
Psittacus erithacus,7.4377,1.6478,Sao Tome and Principe
Psittacus erithacus,33.19147,0.438591,Uganda
Psittacus erithacus,33.191456,0.438584,Uganda
Psittacus erithacus,7.20795,4.625417,Nigeria
Psittacus erithacus,8.95795,9.792117,Nigeria
Psittacus erithacus,32.112453,1.406987,Uganda
Psittacus erithacus,33.19698,0.427355,Uganda
Psittacus erithacus,31.600458,1.543813,Uganda
Psittacus erithacus,33.19957,0.436273,Uganda
Psittacus erithacus,11.582314,-0.280265,Gabon
Psittacus erithacus,9.545059,-2.130856,Gabon
Psittacus erithacus,5.95795,7.292117,Nigeria
Psittacus erithacus,31.592627,1.733377,Uganda
Psittacus erithacus,-1.418631,5.324533,Ghana
Psittacus erithacus,33.017612,0.397152,Uganda
Psittacus erithacus,-0.020945,5.763277,Ghana
Psittacus erithacus,-1.355618,6.685167,Ghana
Psittacus erithacus,-0.678277,5.353399,Ghana
Psittacus erithacus,-1.40615,5.30708,Ghana
Psittacus erithacus,30.402708,0.438056,Uganda
Psittacus erithacus,31.540894,1.681,Uganda
Psittacus erithacus,30.40897,0.405218,Uganda
Psittacus erithacus,-1.415748,5.443543,Ghana
Psittacus erithacus,30.394423,0.437203,Uganda
Psittacus erithacus,30.394129,0.440045,Uganda
Psittacus erithacus,33.078632,0.578181,Uganda
Psittacus erithacus,30.387005,0.448233,Uganda
Psittacus erithacus,-0.604248,6.297554,Ghana
Psittacus erithacus,7.4206,1.6382,Sao Tome and Principe
Psittacus erithacus,7.350068,1.584865,Sao Tome and Principe
Psittacus erithacus,7.411067,1.568441,Sao Tome and Principe
Psittacus erithacus,7.20795,9.125417,Nigeria
Psittacus erithacus,4.12455,6.542117,Nigeria
Psittacus erithacus,4.12455,7.708717,Nigeria
Psittacus erithacus,20.678412,-1.711511,"Congo, Democratic Republic of the"
Psittacus erithacus,7.425985,1.683241,Sao Tome and Principe
Psittacus erithacus,8.486123,3.258606,Equatorial Guinea
Psittacus erithacus,29.778496,-1.048234,Uganda
Psittacus erithacus,8.463535,3.272089,Equatorial Guinea
Psittacus erithacus,7.451048,1.682898,Sao Tome and Principe
Psittacus erithacus,32.28743,0.305163,Uganda
Psittacus erithacus,11.012249,1.822425,Equatorial Guinea
Psittacus erithacus,11.260166,4.378929,Cameroon
Psittacus erithacus,20.681076,-1.749644,"Congo, Democratic Republic of the"
Psittacus erithacus,20.681505,-1.726566,"Congo, Democratic Republic of the"
Psittacus erithacus,9.820756,3.624081,Cameroon
Psittacus erithacus,8.478985,3.262491,Equatorial Guinea
Psittacus erithacus,33.12749,0.509441,Uganda
Psittacus erithacus,32.743366,0.352268,Uganda
Psittacus erithacus,5.12455,7.208717,Nigeria
Psittacus erithacus,7.516864,1.793695,Sao Tome and Principe
Psittacus erithacus,30.362074,0.476185,Uganda
Psittacus erithacus,8.660638,3.356762,Equatorial Guinea
Psittacus erithacus,31.706177,1.655986,Uganda
Psittacus erithacus,29.689198,-0.973247,Uganda
Psittacus erithacus,-1.4145,5.4306,Ghana
Psittacus erithacus,11.266523,4.367378,Cameroon
Psittacus erithacus,32.44449,0.32682,Uganda
Psittacus erithacus,10.12622,2.36799,Cameroon
Psittacus erithacus,34.909657,0.222667,Kenya
Psittacus erithacus,9.985499,2.247738,Cameroon
Psittacus erithacus,4.29125,6.708717,Nigeria
Psittacus erithacus,10.100531,3.793912,Cameroon
Psittacus erithacus,10.11368,3.555164,Cameroon
Psittacus erithacus,9.836015,2.498078,Cameroon
Psittacus erithacus,9.916077,3.981046,Cameroon
Psittacus erithacus,7.396787,1.644477,Sao Tome and Principe
Psittacus erithacus,31.854858,-2.339437,"Tanzania, United Republic of"
Psittacus erithacus,7.417778,1.643611,Sao Tome and Principe
Psittacus erithacus,8.909397,4.970047,Cameroon
Psittacus erithacus,8.865127,5.062026,Cameroon
Psittacus erithacus,8.863877,5.062997,Cameroon
Psittacus erithacus,13.289193,2.249787,Cameroon
Psittacus erithacus,32.579942,0.19775,Uganda
Psittacus erithacus,32.483115,0.152504,Uganda
Psittacus erithacus,34.883333,0.283333,Kenya
Psittacus erithacus,39.85,-3.001667,Kenya
Psittacus erithacus,34.884667,0.206,Kenya
Psittacus erithacus,35.258667,0.507667,Kenya
Psittacus erithacus,30.352468,0.484719,Uganda
Psittacus erithacus,8.918383,5.02724,Cameroon
Psittacus erithacus,32.803356,0.323624,Uganda
Psittacus erithacus,32.37388,0.331905,Uganda
Psittacus erithacus,32.294567,0.208482,Uganda
Psittacus erithacus,10.320754,1.65021,Equatorial Guinea
Psittacus erithacus,32.80318,0.323892,Uganda
Psittacus erithacus,8.724805,3.755598,Equatorial Guinea
Psittacus erithacus,31.70278,1.680858,Uganda
Psittacus erithacus,30.406725,0.408895,Uganda
Psittacus erithacus,32.993057,0.391988,Uganda
Psittacus erithacus,29.67648,-0.90165,Uganda
Psittacus erithacus,33.006096,0.39316,Uganda
Psittacus erithacus,32.36537,0.117628,Uganda
Psittacus erithacus,33.049587,0.410943,Uganda
Psittacus erithacus,31.685219,2.277875,Uganda
Psittacus erithacus,30.403631,0.405277,Uganda
Psittacus erithacus,32.39535,0.125392,Uganda
Psittacus erithacus,32.29091,0.207598,Uganda
Psittacus erithacus,32.23389,0.087404,Uganda
Psittacus erithacus,29.618088,-0.980635,Uganda
Psittacus erithacus,20.680601,-1.766417,"Congo, Democratic Republic of the"
Psittacus erithacus,7.443629,1.68456,Sao Tome and Principe
Psittacus erithacus,12.774851,0.544685,Gabon
Psittacus erithacus,9.68015,-2.22553,Gabon
Psittacus erithacus,9.381766,-1.750845,Gabon
Psittacus erithacus,11.15364,2.922225,Cameroon
Psittacus erithacus,31.449657,1.953165,Uganda
Psittacus erithacus,10.231357,-0.68665,Gabon
Psittacus erithacus,20.679581,-1.747929,"Congo, Democratic Republic of the"
Psittacus erithacus,-1.3409,6.6885,Ghana
Psittacus erithacus,20.68218,-1.750958,"Congo, Democratic Republic of the"
Psittacus erithacus,20.635981,-1.690897,"Congo, Democratic Republic of the"
Psittacus erithacus,7.420958,1.610805,Sao Tome and Principe
Psittacus erithacus,7.40245,1.698085,Sao Tome and Principe
Psittacus erithacus,32.350212,0.076221,Uganda
Psittacus erithacus,7.35323,1.625163,Sao Tome and Principe
Psittacus erithacus,32.067125,-0.248782,Uganda
Psittacus erithacus,33.164091,0.482704,Uganda
Psittacus erithacus,7.504648,1.641062,Sao Tome and Principe
Psittacus erithacus,-1.394145,5.355321,Ghana
Psittacus erithacus,-1.385076,5.348147,Ghana
Psittacus erithacus,-2.651,5.215359,Ghana
Psittacus erithacus,-1.36694,6.673303,Ghana
Psittacus erithacus,9.113078,-1.144268,Gabon
Psittacus erithacus,13.106,-8.937,Angola
Psittacus erithacus,9.025577,-1.210131,Gabon
Psittacus erithacus,-1.340677,6.688636,Ghana
Psittacus erithacus,-1.358635,6.712587,Ghana
Psittacus erithacus,8.726514,3.747183,Equatorial Guinea
Psittacus erithacus,16.254845,2.919798,Central African Republic
Psittacus erithacus,6.792117,10.29125,Nigeria
Psittacus erithacus,32.58381,0.140687,Uganda
Psittacus erithacus,10.861939,1.614401,Equatorial Guinea
Psittacus erithacus,10.86427,1.61434,Equatorial Guinea
Psittacus erithacus,10.8803,1.61459,Equatorial Guinea
Psittacus erithacus,10.8784,1.61487,Equatorial Guinea
Psittacus erithacus,10.8599,1.60896,Equatorial Guinea
Psittacus erithacus,10.86213,1.608005,Equatorial Guinea
Psittacus erithacus,32.40473,-0.255624,Uganda
Psittacus erithacus,15.471604,-3.267775,Congo
Psittacus erithacus,8.665171,3.36928,Equatorial Guinea
Psittacus erithacus,8.640919,3.350978,Equatorial Guinea
Psittacus erithacus,8.50039,3.36522,Equatorial Guinea
Psittacus erithacus,8.623903,3.234355,Equatorial Guinea
Psittacus erithacus,8.482368,3.33397,Equatorial Guinea
Psittacus erithacus,33.164474,0.482234,Uganda
Psittacus erithacus,8.580999,3.271453,Equatorial Guinea
Psittacus erithacus,8.588742,3.470072,Equatorial Guinea
Psittacus erithacus,8.563433,3.462025,Equatorial Guinea
Psittacus erithacus,8.482947,3.335726,Equatorial Guinea
Psittacus erithacus,8.49954,3.355432,Equatorial Guinea
Psittacus erithacus,8.662261,3.361073,Equatorial Guinea
Psittacus erithacus,8.590739,3.246842,Equatorial Guinea
Psittacus erithacus,11.320865,-3.996032,Congo
Psittacus erithacus,-1.6183,5.0622,Ghana
Psittacus erithacus,-1.3026,6.6929,Ghana
Psittacus erithacus,9.04125,6.125417,Nigeria
Psittacus erithacus,25.925482,-2.95129,"Congo, Democratic Republic of the"
Psittacus erithacus,25.22154,-2.677346,"Congo, Democratic Republic of the"
Psittacus erithacus,25.102194,-2.745001,"Congo, Democratic Republic of the"
Psittacus erithacus,25.103804,-2.741298,"Congo, Democratic Republic of the"
Psittacus erithacus,25.165602,-2.695345,"Congo, Democratic Republic of the"
Psittacus erithacus,32.3866,0.105871,Uganda
Psittacus erithacus,27.563162,-4.019649,"Congo, Democratic Republic of the"
Psittacus erithacus,32.249355,0.164752,Uganda
Psittacus erithacus,-0.553651,6.241391,Ghana
Psittacus erithacus,32.748993,0.356225,Uganda
Psittacus erithacus,-2.6417,5.2877,Ghana
Psittacus erithacus,9.9097,2.8575,Cameroon
Psittacus erithacus,-2.641147,5.284879,Ghana
Psittacus erithacus,7.413583,1.618294,Sao Tome and Principe
Psittacus erithacus,9.242284,4.151154,Cameroon
Psittacus erithacus,7.417617,1.638951,Sao Tome and Principe
Psittacus erithacus,7.420304,1.6092,Sao Tome and Principe
Psittacus erithacus,7.404563,1.627335,Sao Tome and Principe
Psittacus erithacus,7.396955,1.632735,Sao Tome and Principe
Psittacus erithacus,7.4272,1.614128,Sao Tome and Principe
Psittacus erithacus,8.859167,5.066667,Cameroon
Psittacus erithacus,11.613972,5.328547,Cameroon
Psittacus erithacus,11.711071,5.400206,Cameroon
Psittacus erithacus,12.672885,3.255864,Cameroon
Psittacus erithacus,15.481832,-3.198753,Congo
Psittacus erithacus,10.406756,0.34993,Gabon
Psittacus erithacus,31.714247,1.688404,Uganda
Psittacus erithacus,12.719577,2.732793,Cameroon
Psittacus erithacus,7.3795,1.5516,Sao Tome and Principe
Psittacus erithacus,7.4196,1.6497,Sao Tome and Principe
Psittacus erithacus,31.5401,1.7142,Uganda
Psittacus erithacus,31.71547,1.945236,Uganda
Psittacus erithacus,14.604537,0.404503,Congo
Psittacus erithacus,15.043674,0.778718,Congo
Psittacus erithacus,14.929347,0.600117,Congo
Psittacus erithacus,13.94973,2.359985,Cameroon
Psittacus erithacus,30.289795,0.487347,Uganda
Psittacus erithacus,32.47485,0.32088,Uganda
Psittacus erithacus,32.35199,0.32542,Uganda
Psittacus erithacus,8.747914,3.715386,Equatorial Guinea
Psittacus erithacus,32.661587,0.830896,Uganda
Psittacus erithacus,10.123215,3.80525,Cameroon
Psittacus erithacus,32.435104,0.335348,Uganda
Psittacus erithacus,30.401117,0.420969,Uganda
Psittacus erithacus,8.816062,5.026198,Cameroon
Psittacus erithacus,32.562572,0.231588,Uganda
Psittacus erithacus,32.333332,0.333333,Uganda
Psittacus erithacus,7.443871,1.678642,Sao Tome and Principe
Psittacus erithacus,-1.344,6.6869,Ghana
Psittacus erithacus,-2.6411,5.2859,Ghana
Psittacus erithacus,-2.6406,5.2038,Ghana
Psittacus erithacus,32.490532,0.187978,Uganda
Psittacus erithacus,32.716434,0.360617,Uganda
Psittacus erithacus,32.7164,0.36052,Uganda
Psittacus erithacus,32.716312,0.360556,Uganda
Psittacus erithacus,-1.749401,5.677762,Ghana
Psittacus erithacus,20.679252,-1.74381,"Congo, Democratic Republic of the"
Psittacus erithacus,20.7659,-1.87339,"Congo, Democratic Republic of the"
Psittacus erithacus,-1.344298,6.687067,Ghana
Psittacus erithacus,5.37455,6.208717,Nigeria
Psittacus erithacus,7.35775,1.589381,Sao Tome and Principe
Psittacus erithacus,7.364101,1.608771,Sao Tome and Principe
Psittacus erithacus,7.444181,1.680581,Sao Tome and Principe
Psittacus erithacus,31.576895,1.791264,Uganda
Psittacus erithacus,37.011593,-0.155074,Kenya
Psittacus erithacus,10.1485,2.4692,Cameroon
Psittacus erithacus,31.878735,-0.351585,Uganda
Psittacus erithacus,8.852921,4.955511,Cameroon
Psittacus erithacus,20.573,-1.692,"Congo, Democratic Republic of the"
Psittacus erithacus,30.389,0.483,Uganda
Psittacus erithacus,15.441895,2.437898,Cameroon
Psittacus erithacus,17.258241,-0.485582,Congo
Psittacus erithacus,17.13257,-0.75652,Congo
Psittacus erithacus,17.28901,-0.43652,Congo
Psittacus erithacus,17.11272,-0.81689,Congo
Psittacus erithacus,17.28484,-0.4431,Congo
Psittacus erithacus,17.25943,-0.4874,Congo
Psittacus erithacus,28.88115,-2.491257,"Congo, Democratic Republic of the"
Psittacus erithacus,9.758048,-2.52712,Gabon
Psittacus erithacus,10.497879,-2.315716,Gabon
Psittacus erithacus,9.704765,4.811124,Cameroon
Psittacus erithacus,8.2808,5.6848,Nigeria
Psittacus erithacus,7.404549,1.658704,Sao Tome and Principe
Psittacus erithacus,7.432208,1.60817,Sao Tome and Principe
Psittacus erithacus,32.721085,0.380071,Uganda
Psittacus erithacus,30.355955,0.908523,Uganda
Psittacus erithacus,27.562017,-4.019803,"Congo, Democratic Republic of the"
Psittacus erithacus,31.790314,1.408511,Uganda
Psittacus erithacus,31.523617,1.506242,Uganda
Psittacus erithacus,15.707841,2.465641,Cameroon
Psittacus erithacus,9.862421,4.007575,Cameroon
Psittacus erithacus,9.864197,2.337272,Cameroon
Psittacus erithacus,9.585673,4.732002,Cameroon
Psittacus erithacus,32.301952,0.204277,Uganda
Psittacus erithacus,10.045967,-2.783424,Gabon
Psittacus erithacus,9.879567,-1.945715,Gabon
Psittacus erithacus,31.53941,1.689906,Uganda
Psittacus erithacus,10.766942,-0.183048,Gabon
Psittacus erithacus,11.594312,-0.092319,Gabon
Psittacus erithacus,7.421189,1.611538,Sao Tome and Principe
Psittacus erithacus,7.410429,1.598175,Sao Tome and Principe
Psittacus erithacus,7.372266,1.597274,Sao Tome and Principe
Psittacus erithacus,7.378821,1.589295,Sao Tome and Principe
Psittacus erithacus,7.383253,1.596502,Sao Tome and Principe
Psittacus erithacus,7.415707,1.576725,Sao Tome and Principe
Psittacus erithacus,7.416308,1.586721,Sao Tome and Principe
Psittacus erithacus,7.37718,1.595258,Sao Tome and Principe
Psittacus erithacus,7.356065,1.593821,Sao Tome and Principe
Psittacus erithacus,31.876133,-2.416776,"Tanzania, United Republic of"
Psittacus erithacus,12.8027,0.5118,Gabon
Psittacus erithacus,9.258857,-1.576511,Gabon
Psittacus erithacus,9.671102,-1.653642,Gabon
Psittacus erithacus,9.997087,-2.74746,Gabon
Psittacus erithacus,9.724059,-2.483903,Gabon
Psittacus erithacus,7.385709,1.543736,Sao Tome and Principe
Psittacus erithacus,7.405805,1.569454,Sao Tome and Principe
Psittacus erithacus,7.36835,1.556863,Sao Tome and Principe
Psittacus erithacus,7.384765,1.550986,Sao Tome and Principe
Psittacus erithacus,7.392318,1.550256,Sao Tome and Principe
Psittacus erithacus,7.393563,1.565572,Sao Tome and Principe
Psittacus erithacus,7.397522,1.568639,Sao Tome and Principe
Psittacus erithacus,7.374272,1.557206,Sao Tome and Principe
Psittacus erithacus,32.367687,0.195384,Uganda
Psittacus erithacus,10.854364,1.573085,Equatorial Guinea
Psittacus erithacus,14.897246,0.604838,Congo
Psittacus erithacus,12.277203,4.033647,Cameroon
Psittacus erithacus,32.684036,0.228338,Uganda
Psittacus erithacus,33.205833,0.433304,Uganda
Psittacus erithacus,11.4652,3.3802,Cameroon
Psittacus erithacus,11.594396,-0.100765,Gabon
Psittacus erithacus,11.575341,-0.129089,Gabon
Psittacus erithacus,10.759349,-0.187282,Gabon
Psittacus erithacus,10.099397,-1.080201,Gabon
Psittacus erithacus,12.803451,0.512629,Gabon
Psittacus erithacus,12.800993,0.515578,Gabon
Psittacus erithacus,13.595452,0.184364,Gabon
Psittacus erithacus,16.166791,1.918516,Cameroon
Psittacus erithacus,-2.6478,5.2199,Ghana
Psittacus erithacus,-1.367898,6.70233,Ghana
Psittacus erithacus,-1.77235,7.15953,Ghana
Psittacus erithacus,-1.26008,6.951476,Ghana
Psittacus erithacus,-1.379085,6.675541,Ghana
Psittacus erithacus,-1.383588,5.354316,Ghana
Psittacus erithacus,-1.278534,6.620957,Ghana
Psittacus erithacus,-1.543846,5.62103,Ghana
Psittacus erithacus,-2.7294,5.275,Ghana
Psittacus erithacus,28.886871,-2.486074,"Congo, Democratic Republic of the"
Psittacus erithacus,31.49128,1.691214,Uganda
Psittacus erithacus,31.435181,1.74792,Uganda
Psittacus erithacus,31.482525,1.724323,Uganda
Psittacus erithacus,31.480251,1.710812,Uganda
Psittacus erithacus,9.415121,4.648493,Cameroon
Psittacus erithacus,9.595429,4.113427,Cameroon
Psittacus erithacus,9.615671,4.101333,Cameroon
Psittacus erithacus,7.424339,1.577803,Sao Tome and Principe
Psittacus erithacus,7.414609,1.604418,Sao Tome and Principe
Psittacus erithacus,7.399276,1.545371,Sao Tome and Principe
Psittacus erithacus,16.331177,2.108899,Congo
Psittacus erithacus,32.564247,0.236205,Uganda
Psittacus erithacus,9.904847,2.851948,Cameroon
Psittacus erithacus,20.389481,-2.709652,"Congo, Democratic Republic of the"
Psittacus erithacus,31.697561,1.633591,Uganda
Psittacus erithacus,33.192963,0.420464,Uganda
Psittacus erithacus,31.048092,1.314499,Uganda
Psittacus erithacus,12.03592,-4.609067,Congo
Psittacus erithacus,32.349773,0.073817,Uganda
Psittacus erithacus,9.412622,4.661892,Cameroon
Psittacus erithacus,32.087029,1.524645,Uganda
Psittacus erithacus,14.845458,1.32063,Congo
Psittacus erithacus,33.19785,0.42535,Uganda
Psittacus erithacus,32.399498,0.152897,Uganda
Psittacus erithacus,14.932108,0.600183,Congo
Psittacus erithacus,29.62974,-1.006141,Uganda
Psittacus erithacus,9.88,-1.9246,Gabon
Psittacus erithacus,32.424343,0.41576,Uganda
Psittacus erithacus,31.659792,2.190438,Uganda
Psittacus erithacus,6.640104,0.30042,Sao Tome and Principe
Psittacus erithacus,-2.492563,6.157821,Ghana
Psittacus erithacus,11.205152,1.07757,Equatorial Guinea
Psittacus erithacus,11.047976,1.024222,Equatorial Guinea
Psittacus erithacus,8.729281,3.738875,Equatorial Guinea
Psittacus erithacus,11.046667,1.018056,Equatorial Guinea
Psittacus erithacus,11.070666,1.032,Equatorial Guinea
Psittacus erithacus,11.071987,1.047545,Equatorial Guinea
Psittacus erithacus,11.2,1.1,Equatorial Guinea
Psittacus erithacus,9.593425,1.554321,Equatorial Guinea
Psittacus erithacus,9.547677,1.461999,Equatorial Guinea
Psittacus erithacus,9.562419,1.485235,Equatorial Guinea
Psittacus erithacus,11.058426,1.023391,Equatorial Guinea
Psittacus erithacus,9.456611,1.308492,Equatorial Guinea
Psittacus erithacus,11.07696,1.04618,Equatorial Guinea
Psittacus erithacus,11.202689,1.097299,Equatorial Guinea
Psittacus erithacus,11.19972,1.10268,Equatorial Guinea
Psittacus erithacus,11.226094,1.087385,Equatorial Guinea
Psittacus erithacus,11.05838,1.02752,Equatorial Guinea
Psittacus erithacus,11.201844,1.099245,Equatorial Guinea
Psittacus erithacus,11.06012,1.02586,Equatorial Guinea
Psittacus erithacus,11.2028,1.08286,Equatorial Guinea
Psittacus erithacus,11.22688,1.087789,Equatorial Guinea
Psittacus erithacus,11.07816,1.04397,Equatorial Guinea
Psittacus erithacus,-1.36582,6.69255,Ghana
Psittacus erithacus,8.909912,4.769415,Cameroon
Psittacus erithacus,8.770952,4.849384,Cameroon
Psittacus erithacus,9.486487,5.342144,Cameroon
Psittacus erithacus,34.86674,0.314053,Kenya
Psittacus erithacus,-1.3447,6.6869,Ghana
Psittacus erithacus,-1.3848,5.3528,Ghana
Psittacus erithacus,7.3923,1.5913,Sao Tome and Principe
Psittacus erithacus,-1.383337,5.34851,Ghana
Psittacus erithacus,16.396124,-2.614525,"Congo, Democratic Republic of the"
Psittacus erithacus,16.470681,-2.664425,"Congo, Democratic Republic of the"
Psittacus erithacus,16.369516,-2.580228,"Congo, Democratic Republic of the"
Psittacus erithacus,32.227973,0.110876,Uganda
Psittacus erithacus,8.824008,5.03648,Cameroon
Psittacus erithacus,30.425262,0.501474,Uganda
Psittacus erithacus,30.386683,0.357769,Uganda
Psittacus erithacus,9.204352,4.175812,Cameroon
Psittacus erithacus,30.4265,0.501,Uganda
Psittacus erithacus,30.156956,-0.264887,Uganda
Psittacus erithacus,-1.395264,5.397274,Ghana
Psittacus erithacus,-0.52507,6.23018,Ghana
Psittacus erithacus,31.865845,-0.365894,Uganda
Psittacus erithacus,9.182939,4.124278,Cameroon
Psittacus erithacus,30.370726,0.476416,Uganda
Psittacus erithacus,32.741875,0.352504,Uganda
Psittacus erithacus,33.0169,0.3824,Uganda
Psittacus erithacus,32.829105,0.35902,Uganda
Psittacus erithacus,30.38267,0.401706,Uganda
Psittacus erithacus,7.401781,1.69508,Sao Tome and Principe
Psittacus erithacus,7.375603,1.649996,Sao Tome and Principe
Psittacus erithacus,7.420578,1.639786,Sao Tome and Principe
Psittacus erithacus,12.885072,0.553376,Gabon
Psittacus erithacus,27.56268,-4.020226,"Congo, Democratic Republic of the"
Psittacus erithacus,10.155133,-1.146852,Gabon
Psittacus erithacus,-1.398654,5.326089,Ghana
Psittacus erithacus,-1.398096,5.353863,Ghana
Psittacus erithacus,11.82319,-4.3714,Congo
Psittacus erithacus,11.79235,-4.4028,Congo
Psittacus erithacus,32.472324,1.356811,Uganda
Psittacus erithacus,-2.590027,5.312501,Ghana
Psittacus erithacus,9.520417,-2.104735,Gabon
Psittacus erithacus,33.196484,0.431297,Uganda
Psittacus erithacus,7.421,1.6391,Sao Tome and Principe
Psittacus erithacus,7.4149,1.6512,Sao Tome and Principe
Psittacus erithacus,31.542421,1.71413,Uganda
Psittacus erithacus,27.562132,-4.020309,"Congo, Democratic Republic of the"
Psittacus erithacus,31.760147,1.669149,Uganda
Psittacus erithacus,8.918271,4.742381,Cameroon
Psittacus erithacus,-1.382465,7.016449,Ghana
Psittacus erithacus,-1.375694,5.593093,Ghana
Psittacus erithacus,-1.376778,7.007818,Ghana
Psittacus erithacus,8.807,5.059,Cameroon
Psittacus erithacus,9.8928,2.3939,Cameroon
Psittacus erithacus,-1.382283,5.346205,Ghana
Psittacus erithacus,10.240592,3.823498,Cameroon
Psittacus erithacus,10.303877,4.735194,Cameroon
Psittacus erithacus,12.699307,1.168655,Gabon
Psittacus erithacus,27.563461,-4.019112,"Congo, Democratic Republic of the"
Psittacus erithacus,8.900085,4.850753,Cameroon
Psittacus erithacus,10.10244,3.69348,Cameroon
Psittacus erithacus,-7.568574,5.839102,Côte d’Ivoire
Psittacus erithacus,9.703674,4.824326,Cameroon
Psittacus erithacus,8.904394,4.798212,Cameroon
Psittacus erithacus,8.828703,4.998074,Cameroon
Psittacus erithacus,9.6814,4.8307,Cameroon
Psittacus erithacus,9.148269,4.578918,Cameroon
Psittacus erithacus,32.404503,-0.254908,Uganda
Psittacus erithacus,9.7026,4.8082,Cameroon
Psittacus erithacus,7.181625,4.414875,Nigeria
Psittacus erithacus,23.261,-1.181,"Congo, Democratic Republic of the"
Psittacus erithacus,23.261,-0.1818,"Congo, Democratic Republic of the"
Psittacus erithacus,20.8833,-0.2412,"Congo, Democratic Republic of the"
Psittacus erithacus,13.09819,-5.6215,"Congo, Democratic Republic of the"
Psittacus erithacus,32.345649,0.20232,Uganda
Psittacus erithacus,10.229087,-0.679548,Gabon
Psittacus erithacus,7.372384,1.661243,Sao Tome and Principe
Psittacus erithacus,-2.602869,5.22,Ghana
Psittacus erithacus,31.410491,1.666035,Uganda
Psittacus erithacus,7.413695,1.618137,Sao Tome and Principe
Psittacus erithacus,29.8636,-1.2211,Uganda
Psittacus erithacus,8.553972,3.460433,Equatorial Guinea
Psittacus erithacus,7.427127,1.614116,Sao Tome and Principe
Psittacus erithacus,0.093384,5.935704,Ghana
Psittacus erithacus,10.04929,3.762888,Cameroon
Psittacus erithacus,-1.308028,5.84057,Ghana
Psittacus erithacus,32.8291,0.359379,Uganda
Psittacus erithacus,32.807735,0.336119,Uganda
Psittacus erithacus,-1.335408,5.21171,Ghana
Psittacus erithacus,13.112735,1.128386,Gabon
Psittacus erithacus,32.35069,0.06807,Uganda
Psittacus erithacus,30.401182,0.433436,Uganda
Psittacus erithacus,29.47857,0.507768,"Congo, Democratic Republic of the"
Psittacus erithacus,6.736786,0.340274,Sao Tome and Principe
Psittacus erithacus,14.614754,2.170995,Congo
Psittacus erithacus,29.2575,-1.6949,Rwanda
Psittacus erithacus,9.899049,2.87839,Cameroon
Psittacus erithacus,33.054234,0.596888,Uganda
Psittacus erithacus,-1.894798,9.402673,Ghana
Psittacus erithacus,16.14471,1.751017,Congo
Psittacus erithacus,16.202988,2.204789,Congo
Psittacus erithacus,16.085808,2.039507,Congo
Psittacus erithacus,16.417822,2.207706,Congo
Psittacus erithacus,16.14531,1.750416,Congo
Psittacus erithacus,8.260732,5.839258,Nigeria
Psittacus erithacus,8.22288,5.62994,Nigeria
Psittacus erithacus,9.014282,6.154849,Nigeria
Psittacus erithacus,-1.676065,8.183744,Ghana
Psittacus erithacus,8.947,5.2742,Cameroon
Psittacus erithacus,13.07225,-5.85545,"Congo, Democratic Republic of the"
Psittacus erithacus,12.360864,-5.951668,"Congo, Democratic Republic of the"
Psittacus erithacus,27.562805,-4.019967,"Congo, Democratic Republic of the"
Psittacus erithacus,11.277438,-3.886464,Congo
Psittacus erithacus,30.389666,0.486176,Uganda
Psittacus erithacus,27.560745,-4.020085,"Congo, Democratic Republic of the"
Psittacus erithacus,10.43436,4.604252,Cameroon
Psittacus erithacus,16.32089,2.954418,Central African Republic
Psittacus erithacus,16.382158,2.919427,Central African Republic
Psittacus erithacus,16.201384,2.998212,Central African Republic
Psittacus erithacus,32.72003,0.335081,Uganda
Psittacus erithacus,27.563328,-4.020229,"Congo, Democratic Republic of the"
Psittacus erithacus,27.562561,-4.020545,"Congo, Democratic Republic of the"
Psittacus erithacus,9.82638,2.37951,Cameroon
Psittacus erithacus,-1.21392,8.172067,Ghana
Psittacus erithacus,11.598593,-3.843387,Congo
Psittacus erithacus,30.389189,0.492246,Uganda
Psittacus erithacus,32.556887,0.203743,Uganda
Psittacus erithacus,31.49703,1.696711,Uganda
Psittacus erithacus,16.142708,2.332763,Cameroon
Psittacus erithacus,10.037,3.759,Cameroon
Psittacus erithacus,11.472294,-2.211994,Gabon
Psittacus erithacus,10.068182,-0.823089,Gabon
Psittacus erithacus,30.798239,0.562182,Uganda
Psittacus erithacus,13.607898,-2.61744,Congo
Psittacus erithacus,16.36,2.95,Central African Republic
Psittacus erithacus,32.253456,0.029502,Uganda
Psittacus erithacus,7.398734,1.668013,Sao Tome and Principe
Psittacus erithacus,9.329195,-0.0842,Gabon
Psittacus erithacus,9.471502,-0.528195,Gabon
Psittacus erithacus,10.117167,0.171778,Gabon
Psittacus erithacus,16.36327,2.955373,Central African Republic
Psittacus erithacus,16.431177,2.920861,Central African Republic
Psittacus erithacus,12.908137,0.511669,Gabon
Psittacus erithacus,12.819488,0.477269,Gabon
Psittacus erithacus,12.87412,0.584628,Gabon
Psittacus erithacus,7.39131,1.680839,Sao Tome and Principe
Psittacus erithacus,30.385906,0.49671,Uganda
Psittacus erithacus,12.68586,-0.38151,Gabon
Psittacus erithacus,11.510366,3.498662,Cameroon
Psittacus erithacus,15.723118,2.365773,Cameroon
Psittacus erithacus,10.111034,3.731979,Cameroon
Psittacus erithacus,10.069311,3.778833,Cameroon
Psittacus erithacus,8.883496,-0.94289,Gabon
Psittacus erithacus,30.309591,0.578956,Uganda
Psittacus erithacus,32.564148,0.228225,Uganda
Psittacus erithacus,13.108363,-4.903689,"Congo, Democratic Republic of the"
Psittacus erithacus,14.364691,2.528754,Cameroon
Psittacus erithacus,9.34752,0.575807,Gabon
Psittacus erithacus,11.471186,3.394808,Cameroon
Psittacus erithacus,8.725247,-0.704566,Gabon
Psittacus erithacus,8.704047,-0.632817,Gabon
Psittacus erithacus,9.67984,-2.226198,Gabon
Psittacus erithacus,31.008095,-0.513432,Uganda
Psittacus erithacus,10.249858,-1.087581,Gabon
Psittacus erithacus,8.943515,-0.970098,Gabon
Psittacus erithacus,8.88824,-0.988463,Gabon
Psittacus erithacus,32.36903,0.085965,Uganda
Psittacus erithacus,28.874453,-2.497697,"Congo, Democratic Republic of the"
Psittacus erithacus,6.730395,0.337511,Sao Tome and Principe
Psittacus erithacus,-1.381801,5.350117,Ghana
Psittacus erithacus,3.534787,6.43378,Nigeria
Psittacus erithacus,9.841481,3.800871,Cameroon
Psittacus erithacus,12.522688,-6.035016,Angola
Psittacus erithacus,30.1379,-0.3359,Uganda
Psittacus erithacus,31.018404,1.161914,Uganda
Psittacus erithacus,5.216146,6.26508,Nigeria
Psittacus erithacus,-1.771631,9.296375,Ghana
Psittacus erithacus,8.81228,-0.862566,Gabon
Psittacus erithacus,8.855538,-0.946584,Gabon
Psittacus erithacus,32.392685,0.110099,Uganda
Psittacus erithacus,32.286972,-0.314353,Uganda
Psittacus erithacus,15.494482,-2.995166,Congo
Psittacus erithacus,30.407522,0.391298,Uganda
Psittacus erithacus,17.4497,1.354,Congo
Psittacus erithacus,17.1202,0.9591,Congo
Psittacus erithacus,8.830091,5.00812,Cameroon
Psittacus erithacus,15.451897,-3.012018,Congo
Psittacus erithacus,9.189248,-1.235351,Gabon
Psittacus erithacus,17.3121,1.0543,Congo
Psittacus erithacus,30.38,0.45,Uganda
Psittacus erithacus,4.319444,6.918334,Nigeria
Psittacus erithacus,7.398889,1.546111,Sao Tome and Principe
Psittacus erithacus,29.9397,-0.4673,Uganda
Psittacus erithacus,29.8948,-0.5895,Uganda
Psittacus erithacus,10.118408,3.787522,Cameroon
Psittacus erithacus,29.9988,-0.4876,Uganda
Psittacus erithacus,30.029,-0.3637,Uganda
Psittacus erithacus,30.0073,-0.3652,Uganda
Psittacus erithacus,29.9176,-0.3429,Uganda
Psittacus erithacus,29.9399,-0.3477,Uganda
Psittacus erithacus,30.0294,-0.3796,Uganda
Psittacus erithacus,15.432441,2.443734,Cameroon
Psittacus erithacus,1.449595,6.218548,Togo
Psittacus erithacus,-8.12881,6.207882,Liberia
Psittacus erithacus,15.477653,-3.344159,Congo
Psittacus erithacus,15.624343,-2.914538,Congo
Psittacus erithacus,8.885021,4.973456,Cameroon
Psittacus erithacus,-1.411743,5.437263,Ghana
Psittacus erithacus,9.772522,1.863401,Equatorial Guinea
Psittacus erithacus,17.1249,0.9616,Congo
Psittacus erithacus,9.863893,3.608594,Cameroon
Psittacus erithacus,9.602112,4.109752,Cameroon
Psittacus erithacus,9.954577,3.690797,Cameroon
Psittacus erithacus,30.0852,-0.3614,Uganda
Psittacus erithacus,15.470353,-3.283415,Congo
Psittacus erithacus,-0.362635,6.227187,Ghana
Psittacus erithacus,20.378609,-2.760191,"Congo, Democratic Republic of the"
Psittacus erithacus,30.0862,-0.4271,Uganda
Psittacus erithacus,30.0864,-0.4312,Uganda
Psittacus erithacus,20.246141,-2.727886,"Congo, Democratic Republic of the"
Psittacus erithacus,-8.141084,6.084911,Liberia
Psittacus erithacus,16.108482,1.875003,Congo
Psittacus erithacus,16.746695,2.119539,Congo
Psittacus erithacus,4.3628,6.8593,Nigeria
Psittacus erithacus,17.4377,1.3372,Congo
Psittacus erithacus,10.156999,2.357584,Cameroon
Psittacus erithacus,9.28153,4.566181,Cameroon
Psittacus erithacus,8.96147,4.618817,Cameroon
Psittacus erithacus,9.949329,2.949995,Cameroon
Psittacus erithacus,-2.628883,5.316953,Ghana
Psittacus erithacus,8.97377,6.30472,Nigeria
Psittacus erithacus,13.950748,-2.159161,Gabon
Psittacus erithacus,9.053679,4.057169,Cameroon
Psittacus erithacus,-7.732,5.403,Liberia
Psittacus erithacus,9.603665,4.190091,Cameroon
Psittacus erithacus,9.722217,5.742147,Cameroon
Psittacus erithacus,15.554281,-3.215651,Congo
Psittacus erithacus,15.512223,-3.209092,Congo
Psittacus erithacus,30.356598,0.551025,Uganda
Psittacus erithacus,8.893433,4.981505,Cameroon
Psittacus erithacus,9.856796,-1.892051,Gabon
Psittacus erithacus,17.4243,1.2286,Congo
Psittacus erithacus,23.431,1.294,"Congo, Democratic Republic of the"
Psittacus erithacus,16.083776,2.0418,Congo
Psittacus erithacus,16.141157,1.805356,Congo
Psittacus erithacus,12.544262,-0.181145,Gabon
Psittacus erithacus,8.667044,5.476548,Nigeria
Psittacus erithacus,32.651367,-0.110292,Uganda
Psittacus erithacus,9.78801,2.27932,Equatorial Guinea
Psittacus erithacus,15.464408,-3.037902,Congo
Psittacus erithacus,-2.73,6.71,Ghana
Psittacus erithacus,9.756158,0.387772,Gabon
Psittacus erithacus,-2.4,5.2,Ghana
Psittacus erithacus,9.592936,0.05717,Gabon
Psittacus erithacus,31.545643,1.723893,Uganda
Psittacus erithacus,-2.85,6.617,Ghana
Psittacus erithacus,7.416699,1.604957,Sao Tome and Principe
Psittacus erithacus,15.145192,0.973604,Congo
Psittacus erithacus,31.856794,-2.299467,"Tanzania, United Republic of"
Psittacus erithacus,-1.380157,5.425984,Ghana
Psittacus erithacus,31.86554,-0.160419,Uganda
Psittacus erithacus,7.366904,1.56345,Sao Tome and Principe
Psittacus erithacus,7.366998,1.558678,Sao Tome and Principe
Psittacus erithacus,7.366267,1.563098,Sao Tome and Principe
Psittacus erithacus,7.364825,1.560263,Sao Tome and Principe
Psittacus erithacus,7.363848,1.560785,Sao Tome and Principe
Psittacus erithacus,7.367758,1.561427,Sao Tome and Principe
Psittacus erithacus,7.363865,1.571432,Sao Tome and Principe
Psittacus erithacus,7.359864,1.566405,Sao Tome and Principe
Psittacus erithacus,7.361559,1.561691,Sao Tome and Principe
Psittacus erithacus,7.369206,1.560843,Sao Tome and Principe
Psittacus erithacus,7.362182,1.565177,Sao Tome and Principe
Psittacus erithacus,7.368087,1.560472,Sao Tome and Principe
Psittacus erithacus,7.359346,1.564055,Sao Tome and Principe
Psittacus erithacus,7.362716,1.561213,Sao Tome and Principe
Psittacus erithacus,7.361006,1.562395,Sao Tome and Principe
Psittacus erithacus,7.35914,1.565438,Sao Tome and Principe
Psittacus erithacus,7.365603,1.559618,Sao Tome and Principe
Psittacus erithacus,7.364542,1.563922,Sao Tome and Principe
Psittacus erithacus,7.358753,1.56929,Sao Tome and Principe
Psittacus erithacus,7.368587,1.562413,Sao Tome and Principe
Psittacus erithacus,7.362303,1.569398,Sao Tome and Principe
Psittacus erithacus,7.361242,1.568552,Sao Tome and Principe
Psittacus erithacus,7.367967,1.563354,Sao Tome and Principe
Psittacus erithacus,7.365761,1.564368,Sao Tome and Principe
Psittacus erithacus,7.357645,1.567097,Sao Tome and Principe
Psittacus erithacus,-7.316,4.9,Côte d’Ivoire
Psittacus erithacus,-7.788,6.174,Côte d’Ivoire
Psittacus erithacus,9.206543,5.326175,Cameroon
Psittacus erithacus,9.761353,4.094411,Cameroon
Psittacus erithacus,10.3883,1.5717,Equatorial Guinea
Psittacus erithacus,15.533587,-3.033382,Congo
Psittacus erithacus,-7.237244,6.970049,Côte d’Ivoire
Psittacus erithacus,-7.634661,7.531389,Côte d’Ivoire
Psittacus erithacus,36.744686,-1.376219,Kenya
Psittacus erithacus,34.869747,0.228652,Kenya
Psittacus erithacus,10.5334,2.7334,Cameroon
Psittacus erithacus,-1.23,5.34,Ghana
Psittacus erithacus,12.231634,5.358684,Cameroon
Psittacus erithacus,18.303223,4.141895,Central African Republic
Psittacus erithacus,30.774673,-1.255006,"Tanzania, United Republic of"
Psittacus erithacus,12.878399,0.559119,Gabon
Psittacus erithacus,8.896798,4.504869,Cameroon
Psittacus erithacus,11.6553,6.0884,Cameroon
Psittacus erithacus,10.3519,2.4155,Cameroon
Psittacus erithacus,-5.026904,6.2208,Côte d’Ivoire
Psittacus erithacus,36.745003,-1.376139,Kenya
Psittacus erithacus,16.21582,2.855263,Central African Republic
Psittacus erithacus,10.158196,-2.834841,Gabon
Psittacus erithacus,13.8176,8.210441,Cameroon
Psittacus erithacus,13.704304,7.133908,Cameroon
Psittacus erithacus,31.5225,1.708056,Uganda
Psittacus erithacus,11.607056,-0.068664,Gabon
Psittacus erithacus,8.709412,-0.630328,Gabon
Psittacus erithacus,31.5512,1.7143,Uganda
Psittacus erithacus,13.225604,0.77237,Gabon
Psittacus erithacus,12.492098,-0.669004,Gabon
Psittacus erithacus,13.678419,0.823177,Gabon
Psittacus erithacus,7.419071,1.635185,Sao Tome and Principe
Psittacus erithacus,7.413063,1.650628,Sao Tome and Principe
Psittacus erithacus,32.542664,0.219898,Uganda
Psittacus erithacus,30.4263,0.4994,Uganda
Psittacus erithacus,33.054,0.4094,Uganda
Psittacus erithacus,33.027,0.4094,Uganda
Psittacus erithacus,30.402843,0.427729,Uganda
Psittacus erithacus,13.296055,0.75209,Gabon
Psittacus erithacus,9.423459,5.333156,Cameroon
Psittacus erithacus,31.5422,1.6693,Uganda
Psittacus erithacus,31.5422,1.7233,Uganda
Psittacus erithacus,21.002222,4.276304,"Congo, Democratic Republic of the"
Psittacus erithacus,31.5422,1.7053,Uganda
Psittacus erithacus,-7.050476,5.690694,Côte d’Ivoire
Psittacus erithacus,-5,6.2167,Côte d’Ivoire
Psittacus erithacus,-6.06734,7.055355,Côte d’Ivoire
Psittacus erithacus,12.916667,0.5,Gabon
Psittacus erithacus,13.166667,1,Gabon
Psittacus erithacus,6.479645,0.272008,Sao Tome and Principe
Psittacus erithacus,7.41683,1.637266,Sao Tome and Principe
Psittacus erithacus,7.366562,1.548889,Sao Tome and Principe
Psittacus erithacus,30.1114,0.8234,Uganda
Psittacus erithacus,30.0214,0.7964,Uganda
Psittacus erithacus,15.549817,-4.257613,"Congo, Democratic Republic of the"
Psittacus erithacus,30.4083,0.4364,Uganda
Psittacus erithacus,-7.406178,5.85257,Côte d’Ivoire
Psittacus erithacus,16.193327,2.211908,Congo
Psittacus erithacus,16.193,2.211,Congo
Psittacus erithacus,30.9753,1.1744,Uganda
Psittacus erithacus,29.6299,-1.0124,Uganda
Psittacus erithacus,26.6659,-3.596881,"Congo, Democratic Republic of the"
Psittacus erithacus,30.0911,-0.3793,Uganda
Psittacus erithacus,16.608513,1.853169,Congo
Psittacus erithacus,30.0934,0.8414,Uganda
Psittacus erithacus,25.915503,-2.920754,"Congo, Democratic Republic of the"
Psittacus erithacus,28.45253,-1.869747,"Congo, Democratic Republic of the"
Psittacus erithacus,9.30737,5.205571,Cameroon
Psittacus erithacus,29.45057,0.741042,"Congo, Democratic Republic of the"
Psittacus erithacus,27.120523,-3.518176,"Congo, Democratic Republic of the"
Psittacus erithacus,30.4083,0.4184,Uganda
Psittacus erithacus,25.333431,0.48497,"Congo, Democratic Republic of the"
Psittacus erithacus,30.4263,0.5084,Uganda
Psittacus erithacus,29.471952,0.493676,"Congo, Democratic Republic of the"
Psittacus erithacus,31.5962,1.6423,Uganda
Psittacus erithacus,-6.583333,5.416667,Côte d’Ivoire
Psittacus erithacus,-4.916666,5.833334,Côte d’Ivoire
Psittacus erithacus,-7.383333,5.85,Côte d’Ivoire
Psittacus erithacus,-4.166666,5.833334,Côte d’Ivoire
Psittacus erithacus,-4.766667,5.583334,Côte d’Ivoire
Psittacus erithacus,31.6052,1.8313,Uganda
Psittacus erithacus,30.4803,0.5624,Uganda
Psittacus erithacus,30.2643,-0.1755,Uganda
Psittacus erithacus,28.577248,1.401269,"Congo, Democratic Republic of the"
Psittacus erithacus,29.153809,1.093803,"Congo, Democratic Republic of the"
Psittacus erithacus,29.84722,1.22217,"Congo, Democratic Republic of the"
Psittacus erithacus,10.363009,-0.355502,Gabon
Psittacus erithacus,29.6209,-0.9944,Uganda
Psittacus erithacus,11.502686,-4.032312,Congo
Psittacus erithacus,-7.3,5.833333,Côte d’Ivoire
Psittacus erithacus,-7.3,5.833334,Côte d’Ivoire
Psittacus erithacus,30.0934,0.8054,Uganda
Psittacus erithacus,30.3633,0.5714,Uganda
Psittacus erithacus,-7.3,5.416667,Côte d’Ivoire
Psittacus erithacus,-7.333333,5.383333,Côte d’Ivoire
Psittacus erithacus,-6.416666,4.833334,Côte d’Ivoire
Psittacus erithacus,15.53764,-4.299673,"Congo, Democratic Republic of the"
Psittacus erithacus,12.360167,-5.959898,"Congo, Democratic Republic of the"
Psittacus erithacus,34.863804,0.353234,Kenya
Psittacus erithacus,34.85824,0.23108,Kenya
Psittacus erithacus,-1.274523,5.236246,Ghana
Psittacus erithacus,-6.1048,6.9199,Côte d’Ivoire
Psittacus erithacus,-7.8419,7.2432,Côte d’Ivoire
Psittacus erithacus,-7.35,5.8333,Côte d’Ivoire
Psittacus erithacus,-7.8414,7.2425,Côte d’Ivoire
Psittacus erithacus,-6.183,6.8863,Côte d’Ivoire
Psittacus erithacus,9.611,4.2205,Cameroon
Psittacus erithacus,9.5909,4.1416,Cameroon
Psittacus erithacus,9.5713,4.1421,Cameroon
Psittacus erithacus,9.5528,4.1461,Cameroon
Psittacus erithacus,9.6037,4.1081,Cameroon
Psittacus erithacus,9.7378,4.732,Cameroon
Psittacus erithacus,9.3247,4.1071,Cameroon
Psittacus erithacus,12.912967,0.615699,Gabon
Psittacus erithacus,10.11498,-0.914591,Gabon
Psittacus erithacus,10.240386,-0.701546,Gabon
Psittacus erithacus,9.826095,4.071636,Cameroon
Psittacus erithacus,8.665724,3.332127,Equatorial Guinea
Psittacus erithacus,10.23083,-0.679272,Gabon
Psittacus erithacus,12.221475,3.782971,Cameroon
Psittacus erithacus,13.493271,4.329979,Cameroon
Psittacus erithacus,11.766357,3.93002,Cameroon
Psittacus erithacus,27.607512,1.407416,"Congo, Democratic Republic of the"
Psittacus erithacus,34.85611,0.291667,Kenya
Psittacus erithacus,5.201318,5.611523,Nigeria
Psittacus erithacus,34.865757,0.237758,Kenya
Psittacus erithacus,34.88462,0.227451,Kenya
Psittacus erithacus,10.171,5.158,Cameroon
Psittacus erithacus,10.158,5.1686,Cameroon
Psittacus erithacus,8.383513,5.330049,Nigeria
Psittacus erithacus,10.113645,3.73682,Cameroon
Psittacus erithacus,10.12461,3.416224,Cameroon
Psittacus erithacus,10.488296,3.128646,Cameroon
Psittacus erithacus,11.390076,2.934126,Cameroon
Psittacus erithacus,11.116276,4.872646,Cameroon
Psittacus erithacus,11.876221,3.900735,Cameroon
Psittacus erithacus,9.851475,2.333949,Cameroon
Psittacus erithacus,11.285577,4.730528,Cameroon
Psittacus erithacus,9.538064,4.144695,Cameroon
Psittacus erithacus,10.168834,3.050825,Cameroon
Psittacus erithacus,12.777143,3.664187,Cameroon
Psittacus erithacus,9.27877,4.072868,Cameroon
Psittacus erithacus,10.725832,3.229471,Cameroon
Psittacus erithacus,29.496746,1.351279,"Congo, Democratic Republic of the"
Psittacus erithacus,8.347699,5.081256,Nigeria
Psittacus erithacus,8.480802,5.023006,Nigeria
Psittacus erithacus,-6.457686,7.377406,Côte d’Ivoire
Psittacus erithacus,8.321328,5.352356,Nigeria
Psittacus erithacus,12.3471,-5.9403,"Congo, Democratic Republic of the"
Psittacus erithacus,16.115034,-4.327005,"Congo, Democratic Republic of the"
Psittacus erithacus,34.839985,0.121681,Kenya
Psittacus erithacus,34.84318,0.126533,Kenya
Psittacus erithacus,8.716493,5.9692,Nigeria
Psittacus erithacus,8.754473,5.5012,Nigeria
Psittacus erithacus,8.57337,5.305436,Nigeria
Psittacus erithacus,19.810066,3.226986,"Congo, Democratic Republic of the"
Psittacus erithacus,8.348236,5.318682,Nigeria
Psittacus erithacus,8.355403,5.186207,Nigeria
Psittacus erithacus,29.5,1.383333,"Congo, Democratic Republic of the"
Psittacus erithacus,29.766667,1.333333,"Congo, Democratic Republic of the"
Psittacus erithacus,9.88195,3.501915,Cameroon
Psittacus erithacus,-0.465486,6.287309,Ghana
Psittacus erithacus,30.35933,0.564864,Uganda
Psittacus erithacus,9.4469,4.6363,Cameroon
Psittacus erithacus,9.4419,4.4019,Cameroon
Psittacus erithacus,31.58,1.75,Uganda
Psittacus erithacus,-4.13,5.33,Côte d’Ivoire
Psittacus erithacus,30.15,0.8,Uganda
Psittacus erithacus,-5.0259,6.21701,Côte d’Ivoire
Psittacus erithacus,30.42,0.5,Uganda
Psittacus erithacus,29.06,-1.82,"Congo, Democratic Republic of the"
Psittacus erithacus,12.857473,0.562439,Gabon
Psittacus erithacus,18.21,-4.11,"Congo, Democratic Republic of the"
Psittacus erithacus,28.65,0.92,"Congo, Democratic Republic of the"
Psittacus erithacus,29.23,0.63,"Congo, Democratic Republic of the"
Psittacus erithacus,27.67,1.58,"Congo, Democratic Republic of the"
Psittacus erithacus,28.08,-3.28,"Congo, Democratic Republic of the"
Psittacus erithacus,29.47,0.47,"Congo, Democratic Republic of the"
Psittacus erithacus,10.7,2.7,Cameroon
Psittacus erithacus,13.03,-5.51,"Congo, Democratic Republic of the"
Psittacus erithacus,29.08,1.04,"Congo, Democratic Republic of the"
Psittacus erithacus,10.133333,0.166667,Gabon
Psittacus erithacus,24.32,-5.23,"Congo, Democratic Republic of the"
Psittacus erithacus,10.566015,4.053745,Cameroon
Psittacus erithacus,10.131154,3.799811,Cameroon
Psittacus erithacus,31.812222,-1.331667,"Tanzania, United Republic of"
Psittacus erithacus,9.447473,-1.923186,Gabon
Psittacus erithacus,10.475,-0.458333,Gabon
Psittacus erithacus,29.67,0.67,"Congo, Democratic Republic of the"
Psittacus erithacus,29.9,0.62,"Congo, Democratic Republic of the"
Psittacus erithacus,9.11667,5.9,Cameroon
Psittacus erithacus,7.425,1.625,Sao Tome and Principe
Psittacus erithacus,22.039062,6.0322,Central African Republic
Psittacus erithacus,29.97,0.64,Uganda
Psittacus erithacus,31.25,1.25,Uganda
Psittacus erithacus,29.82,-0.75,Uganda
Psittacus erithacus,30.4803,0.1575,Uganda
Psittacus erithacus,30.3813,0.5534,Uganda
Psittacus erithacus,1.1,5.15,Ghana
Psittacus erithacus,-5.518395,7.62421,Côte d’Ivoire
Psittacus erithacus,8.746177,3.623506,Equatorial Guinea
Psittacus erithacus,32.966577,0.480303,Uganda
Psittacus erithacus,21.09375,7.1881,Central African Republic
